neighbourhood,neighbourhood_group
Blankenfelde/Niederschönhausen,Pankow
Helmholtzplatz,Pankow
Wiesbadener Straße,Charlottenburg-Wilm.
Schmöckwitz/Karolinenhof/Rauchfangswerder,Treptow - Köpenick
Müggelheim,Treptow - Köpenick
Biesdorf,Marzahn - Hellersdorf
Nord 1,Reinickendorf
West 5,Reinickendorf
Frankfurter Allee Nord,Friedrichshain-Kreuzberg
Buch,Pankow
Kaulsdorf,Marzahn - Hellersdorf
,
,
nördliche Luisenstadt,Friedrichshain-Kreuzberg
Nord 2,Reinickendorf
Alexanderplatz,Mitte
Brunnenstr. Süd,Mitte
Moabit West,Mitte
Wedding Zentrum,Mitte
Moabit Ost,Mitte
Parkviertel,Mitte
Südliche Friedrichstadt,Friedrichshain-Kreuzberg
Tempelhofer Vorstadt,Friedrichshain-Kreuzberg
südliche Luisenstadt,Friedrichshain-Kreuzberg
Karl-Marx-Allee-Nord,Friedrichshain-Kreuzberg
Buchholz,Pankow
Karow,Pankow
Weißensee,Pankow
Blankenburg/Heinersdorf/Märchenland,Pankow
Schönholz/Wilhelmsruh/Rosenthal,Pankow
Mierendorffplatz,Charlottenburg-Wilm.
Pankow Zentrum,Pankow
Pankow Süd,Pankow
Weißensee Ost,Pankow
Prenzlauer Berg Nordwest,Pankow
Prenzlauer Berg Nord,Pankow
Charlottenburg Nord,Charlottenburg-Wilm.
Prenzlauer Berg Ost,Pankow
Prenzlauer Berg Südwest,Pankow
Prenzlauer Berg Süd,Pankow
Heerstrasse,Charlottenburg-Wilm.
Schloß Charlottenburg,Charlottenburg-Wilm.
Neue Kantstraße,Charlottenburg-Wilm.
Schmargendorf,Charlottenburg-Wilm.
Düsseldorfer Straße,Charlottenburg-Wilm.
Barstraße,Charlottenburg-Wilm.
Volkspark Wilmersdorf,Charlottenburg-Wilm.
Brunsbütteler Damm,Spandau
Heerstraße Nord,Spandau
Forst Grunewald,Charlottenburg-Wilm.
Schloßstr.,Steglitz - Zehlendorf
Hakenfelde,Spandau
Wilhelmstadt,Spandau
Albrechtstr.,Steglitz - Zehlendorf
Siemensstadt,Spandau
Gatow / Kladow,Spandau
Teltower Damm,Steglitz - Zehlendorf
Drakestr.,Steglitz - Zehlendorf
Lichtenrade,Tempelhof - Schöneberg
Zehlendorf  Nord,Steglitz - Zehlendorf
Zehlendorf  Südwest,Steglitz - Zehlendorf
Friedenau,Tempelhof - Schöneberg
Alt  Treptow,Treptow - Köpenick
Plänterwald,Treptow - Köpenick
Baumschulenweg,Treptow - Köpenick
Johannisthal,Treptow - Köpenick
Oberschöneweide,Treptow - Köpenick
Allende-Viertel,Treptow - Köpenick
Kölln. Vorstadt/Spindlersf.,Treptow - Köpenick
Neu-Hohenschönhausen Nord,Lichtenberg
Altglienicke,Treptow - Köpenick
Bohnsdorf,Treptow - Köpenick
Neuköllner Mitte/Zentrum,Neukölln
Köllnische Heide,Neukölln
Grünau,Treptow - Köpenick
Altstadt-Kietz,Treptow - Köpenick
Köpenick-Süd,Treptow - Köpenick
Dammvorstadt,Treptow - Köpenick
Reuterstraße,Neukölln
Köpenick-Nord,Treptow - Köpenick
Neu-Hohenschönhausen Süd,Lichtenberg
Friedrichshagen,Treptow - Köpenick
Rahnsdorf/Hessenwinkel,Treptow - Köpenick
Fennpfuhl,Lichtenberg
Marzahn-Süd,Marzahn - Hellersdorf
"Malchow, Wartenberg und Falkenberg",Lichtenberg
Friedrichsfelde Süd,Lichtenberg
Alt-Hohenschönhausen Nord,Lichtenberg
Alt-Hohenschönhausen Süd,Lichtenberg
Alt-Lichtenberg,Lichtenberg
Frankfurter Allee Süd,Lichtenberg
Karlshorst,Lichtenberg
West 2,Reinickendorf
Rixdorf,Neukölln
West 3,Reinickendorf
West 4,Reinickendorf
Haselhorst,Spandau
Halensee,Charlottenburg-Wilm.
Karl-Marx-Allee-Süd,Friedrichshain-Kreuzberg
Grunewald,Charlottenburg-Wilm.
Friedrichsfelde Nord,Lichtenberg
Neu Lichtenberg,Lichtenberg
Kurfürstendamm,Charlottenburg-Wilm.
Otto-Suhr-Allee,Charlottenburg-Wilm.
Kantstraße,Charlottenburg-Wilm.
MV 1,Reinickendorf
West 1,Reinickendorf
Frankfurter Allee Süd FK,Friedrichshain-Kreuzberg
Rummelsburger Bucht,Lichtenberg
Westend,Charlottenburg-Wilm.
Osloer Straße,Mitte
Tiergarten Süd,Mitte
Regierungsviertel,Mitte
Brunnenstr. Nord,Mitte
Falkenhagener Feld,Spandau
Spandau Mitte,Spandau
Lankwitz,Steglitz - Zehlendorf
Ostpreußendamm,Steglitz - Zehlendorf
Schöneberg-Nord,Tempelhof - Schöneberg
Schöneberg-Süd,Tempelhof - Schöneberg
Tempelhof,Tempelhof - Schöneberg
Schillerpromenade,Neukölln
Mariendorf,Tempelhof - Schöneberg
Marienfelde,Tempelhof - Schöneberg
Britz,Neukölln
Buckow,Neukölln
Gropiusstadt,Neukölln
Buckow Nord,Neukölln
Rudow,Neukölln
Marzahn-Nord,Marzahn - Hellersdorf
Niederschöneweide,Treptow - Köpenick
Adlershof,Treptow - Köpenick
Marzahn-Mitte,Marzahn - Hellersdorf
Hellersdorf-Nord,Marzahn - Hellersdorf
Hellersdorf-Süd,Marzahn - Hellersdorf
Hellersdorf-Ost,Marzahn - Hellersdorf
Mahlsdorf,Marzahn - Hellersdorf
Ost 1,Reinickendorf
Ost 2,Reinickendorf
MV 2,Reinickendorf